Month,Region,Total_Attendances,Type1_Attendances,Type2_Attendances,Other_Attendances,Over_4hr_Waits,Over_12hr_Waits,Emergency_Admissions
2019-04,NHS ENGLAND EAST OF ENGLAND (EAST),190972,144887,0,46085,30153,13,44012
2019-04,NHS ENGLAND LONDON,427759,232695,17111,177953,55774,61,65819
2019-04,NHS ENGLAND MIDLANDS (CENTRAL MIDLANDS),81454,48565,2881,30008,14447,0,13716
2019-04,NHS ENGLAND MIDLANDS (NORTH MIDLANDS),118762,74620,2221,41921,22917,26,24221
2019-04,NHS ENGLAND MIDLANDS (WEST MIDLANDS),193728,121998,3310,68420,34435,99,36944
2019-04,NHS ENGLAND NORTH EAST AND YORKSHIRE (CUMBRIA AND NORTH EAST),128756,73834,3973,50949,10745,0,24411
2019-04,NHS ENGLAND NORTH EAST AND YORKSHIRE (YORKSHIRE AND HUMBER),194199,146270,1793,46136,27816,24,38902
2019-04,NHS ENGLAND NORTH WEST (CHESHIRE AND MERSEYSIDE),111980,69870,1540,40570,19021,20,23674
2019-04,NHS ENGLAND NORTH WEST (GREATER MANCHESTER),133117,87539,3648,41930,20966,43,25906
2019-04,NHS ENGLAND NORTH WEST (LANCASHIRE AND SOUTH CUMBRIA),61876,29365,367,32144,11067,94,10999
2019-04,"NHS ENGLAND SOUTH EAST (HAMPSHIRE, ISLE OF WIGHT AND THAMES VALLEY)",126604,80416,7068,39120,19234,8,27165
2019-04,"NHS ENGLAND SOUTH EAST (KENT, SURREY AND SUSSEX)",155308,106322,1206,47780,20340,14,31804
2019-04,NHS ENGLAND SOUTH WEST (SOUTH WEST NORTH),80907,52276,2493,26138,12705,26,17361
2019-04,NHS ENGLAND SOUTH WEST (SOUTH WEST SOUTH),106743,62168,1670,42905,14561,14,20505
2019-05,NHS ENGLAND EAST OF ENGLAND (EAST),198161,149136,0,49025,23394,3,44947
2019-05,NHS ENGLAND LONDON,439380,237699,17721,183960,48672,96,66743
2019-05,NHS ENGLAND MIDLANDS (CENTRAL MIDLANDS),85199,50671,2897,31631,12825,0,14203
2019-05,NHS ENGLAND MIDLANDS (NORTH MIDLANDS),120516,76154,2261,42101,15590,7,23887
2019-05,NHS ENGLAND MIDLANDS (WEST MIDLANDS),187607,122213,3348,62046,30642,68,37540
2019-05,NHS ENGLAND NORTH EAST AND YORKSHIRE (CUMBRIA AND NORTH EAST),132719,76689,4101,51929,11231,0,25042
2019-05,NHS ENGLAND NORTH EAST AND YORKSHIRE (YORKSHIRE AND HUMBER),203256,148977,1847,52432,20591,26,39391
2019-05,NHS ENGLAND NORTH WEST (CHESHIRE AND MERSEYSIDE),116526,72453,1565,42508,18012,14,24710
2019-05,NHS ENGLAND NORTH WEST (GREATER MANCHESTER),135484,90898,3853,40733,20771,20,26386
2019-05,NHS ENGLAND NORTH WEST (LANCASHIRE AND SOUTH CUMBRIA),62675,29666,335,32674,10290,98,11518
2019-05,"NHS ENGLAND SOUTH EAST (HAMPSHIRE, ISLE OF WIGHT AND THAMES VALLEY)",133345,84418,7405,41522,10802,8,27795
2019-05,"NHS ENGLAND SOUTH EAST (KENT, SURREY AND SUSSEX)",160029,110619,1290,48120,18619,51,32556
2019-05,NHS ENGLAND SOUTH WEST (SOUTH WEST NORTH),84817,54560,2350,27907,11304,6,17710
2019-05,NHS ENGLAND SOUTH WEST (SOUTH WEST SOUTH),112292,65179,1669,45444,8722,19,20413
2019-06,NHS ENGLAND EAST OF ENGLAND (EAST),193984,147820,0,46164,21775,18,43860
2019-06,NHS ENGLAND LONDON,426528,232468,17178,176882,49794,138,65111
2019-06,NHS ENGLAND MIDLANDS (CENTRAL MIDLANDS),81502,48475,2854,30173,11383,0,13502
2019-06,NHS ENGLAND MIDLANDS (NORTH MIDLANDS),117478,74607,2193,40678,15677,7,23314
2019-06,NHS ENGLAND MIDLANDS (WEST MIDLANDS),183738,120853,3244,59641,32146,142,36308
2019-06,NHS ENGLAND NORTH EAST AND YORKSHIRE (CUMBRIA AND NORTH EAST),128084,73892,4019,50173,10076,0,23683
2019-06,NHS ENGLAND NORTH EAST AND YORKSHIRE (YORKSHIRE AND HUMBER),197791,145033,2039,50719,20905,2,38052
2019-06,NHS ENGLAND NORTH WEST (CHESHIRE AND MERSEYSIDE),111466,69847,1578,40041,17186,8,23679
2019-06,NHS ENGLAND NORTH WEST (GREATER MANCHESTER),129607,87521,3534,38552,19877,23,24799
2019-06,NHS ENGLAND NORTH WEST (LANCASHIRE AND SOUTH CUMBRIA),61350,28736,312,32302,9333,50,11108
2019-06,"NHS ENGLAND SOUTH EAST (HAMPSHIRE, ISLE OF WIGHT AND THAMES VALLEY)",130760,83421,7192,40147,11405,6,26631
2019-06,"NHS ENGLAND SOUTH EAST (KENT, SURREY AND SUSSEX)",157176,107262,1177,48737,17921,20,32007
2019-06,NHS ENGLAND SOUTH WEST (SOUTH WEST NORTH),81421,52260,2362,26799,10897,16,16749
2019-06,NHS ENGLAND SOUTH WEST (SOUTH WEST SOUTH),107102,61942,1551,43609,10207,32,19867
2019-07,NHS ENGLAND EAST OF ENGLAND (EAST),208137,157046,0,51091,25475,8,46376
2019-07,NHS ENGLAND LONDON,447092,240851,18286,187955,51967,203,66721
2019-07,NHS ENGLAND MIDLANDS (CENTRAL MIDLANDS),89470,51261,3108,35101,13925,0,14138
2019-07,NHS ENGLAND MIDLANDS (NORTH MIDLANDS),129367,79616,2287,47464,18269,5,24022
2019-07,NHS ENGLAND MIDLANDS (WEST MIDLANDS),196218,127924,3388,64906,30955,69,38272
2019-07,NHS ENGLAND NORTH EAST AND YORKSHIRE (CUMBRIA AND NORTH EAST),138569,78677,4262,55630,11556,0,24809
2019-07,NHS ENGLAND NORTH EAST AND YORKSHIRE (YORKSHIRE AND HUMBER),214470,156098,2101,56271,23442,1,39947
2019-07,NHS ENGLAND NORTH WEST (CHESHIRE AND MERSEYSIDE),120130,73996,1615,44519,17800,5,25721
2019-07,NHS ENGLAND NORTH WEST (GREATER MANCHESTER),140066,93514,3749,42803,18750,15,26640
2019-07,NHS ENGLAND NORTH WEST (LANCASHIRE AND SOUTH CUMBRIA),65929,30274,249,35406,9612,73,11536
2019-07,"NHS ENGLAND SOUTH EAST (HAMPSHIRE, ISLE OF WIGHT AND THAMES VALLEY)",136220,87963,7865,40392,10949,15,26841
2019-07,"NHS ENGLAND SOUTH EAST (KENT, SURREY AND SUSSEX)",171776,115973,1368,54435,20319,8,32837
2019-07,NHS ENGLAND SOUTH WEST (SOUTH WEST NORTH),88460,56185,2475,29800,12087,18,17399
2019-07,NHS ENGLAND SOUTH WEST (SOUTH WEST SOUTH),119146,66540,1665,50941,10409,32,20434
2019-08,NHS ENGLAND EAST OF ENGLAND (EAST),194960,147314,0,47646,24310,8,44891
2019-08,NHS ENGLAND LONDON,410671,222675,16573,171423,46571,154,62597
2019-08,NHS ENGLAND MIDLANDS (CENTRAL MIDLANDS),87316,48969,2827,35520,14282,0,13910
2019-08,NHS ENGLAND MIDLANDS (NORTH MIDLANDS),122673,74716,2239,45718,17021,4,23304
2019-08,NHS ENGLAND MIDLANDS (WEST MIDLANDS),183805,118777,3199,61829,30235,57,36216
2019-08,NHS ENGLAND NORTH EAST AND YORKSHIRE (CUMBRIA AND NORTH EAST),128460,73376,4005,51079,11424,0,23818
2019-08,NHS ENGLAND NORTH EAST AND YORKSHIRE (YORKSHIRE AND HUMBER),201534,145646,2062,53826,22246,7,38581
2019-08,NHS ENGLAND NORTH WEST (CHESHIRE AND MERSEYSIDE),114494,69675,1404,43415,15024,2,24721
2019-08,NHS ENGLAND NORTH WEST (GREATER MANCHESTER),128444,85489,3652,39303,18438,25,25080
2019-08,NHS ENGLAND NORTH WEST (LANCASHIRE AND SOUTH CUMBRIA),62500,28549,261,33690,9173,54,11090
2019-08,"NHS ENGLAND SOUTH EAST (HAMPSHIRE, ISLE OF WIGHT AND THAMES VALLEY)",129958,81623,7290,41045,11995,31,26273
2019-08,"NHS ENGLAND SOUTH EAST (KENT, SURREY AND SUSSEX)",162894,109255,1249,52390,21385,7,31889
2019-08,NHS ENGLAND SOUTH WEST (SOUTH WEST NORTH),82718,53259,2474,26985,9800,11,17149
2019-08,NHS ENGLAND SOUTH WEST (SOUTH WEST SOUTH),115008,64747,1551,48710,10826,11,20434
2019-09,NHS ENGLAND EAST OF ENGLAND (EAST),195120,148971,0,46149,25841,8,44513
2019-09,NHS ENGLAND LONDON,421955,228952,16894,176109,50421,175,63431
2019-09,NHS ENGLAND MIDLANDS (CENTRAL MIDLANDS),85069,49677,2789,32603,12964,0,13672
2019-09,NHS ENGLAND MIDLANDS (NORTH MIDLANDS),119969,75737,2307,41925,17732,5,22934
2019-09,NHS ENGLAND MIDLANDS (WEST MIDLANDS),185018,121565,3244,60209,34849,57,35646
2019-09,NHS ENGLAND NORTH EAST AND YORKSHIRE (CUMBRIA AND NORTH EAST),128717,75218,3876,49623,13339,0,24187
2019-09,NHS ENGLAND NORTH EAST AND YORKSHIRE (YORKSHIRE AND HUMBER),200277,145365,2093,52819,23023,34,37811
2019-09,NHS ENGLAND NORTH WEST (CHESHIRE AND MERSEYSIDE),115372,71698,1313,42361,16905,5,24637
2019-09,NHS ENGLAND NORTH WEST (GREATER MANCHESTER),132124,89363,3592,39169,20722,20,25955
2019-09,NHS ENGLAND NORTH WEST (LANCASHIRE AND SOUTH CUMBRIA),61545,28656,284,32605,9603,43,10915
2019-09,"NHS ENGLAND SOUTH EAST (HAMPSHIRE, ISLE OF WIGHT AND THAMES VALLEY)",129993,83361,6796,39836,12416,18,26019
2019-09,"NHS ENGLAND SOUTH EAST (KENT, SURREY AND SUSSEX)",159650,107855,1207,50588,21469,13,31422
2019-09,NHS ENGLAND SOUTH WEST (SOUTH WEST NORTH),82976,54304,2416,26256,12254,41,17119
2019-09,NHS ENGLAND SOUTH WEST (SOUTH WEST SOUTH),105560,61788,1406,42366,10659,39,21463
2019-10,NHS ENGLAND EAST OF ENGLAND (EAST),197238,148856,0,48382,28788,10,46949
2019-10,NHS ENGLAND LONDON,436708,238643,17623,180442,58358,187,65408
2019-10,NHS ENGLAND MIDLANDS (CENTRAL MIDLANDS),85716,49996,2741,32979,16269,1,14457
2019-10,NHS ENGLAND MIDLANDS (NORTH MIDLANDS),122643,77650,2318,42675,19279,52,23648
2019-10,NHS ENGLAND MIDLANDS (WEST MIDLANDS),191592,125780,3015,62797,38029,48,38185
2019-10,NHS ENGLAND NORTH EAST AND YORKSHIRE (CUMBRIA AND NORTH EAST),129923,77115,3878,48930,16058,4,25435
2019-10,NHS ENGLAND NORTH EAST AND YORKSHIRE (YORKSHIRE AND HUMBER),206310,150011,2175,54124,26549,16,40323
2019-10,NHS ENGLAND NORTH WEST (CHESHIRE AND MERSEYSIDE),119743,73373,1674,44696,19748,28,25472
2019-10,NHS ENGLAND NORTH WEST (GREATER MANCHESTER),138093,93432,3862,40799,25351,79,28038
2019-10,NHS ENGLAND NORTH WEST (LANCASHIRE AND SOUTH CUMBRIA),62241,29451,303,32487,10635,84,11523
2019-10,"NHS ENGLAND SOUTH EAST (HAMPSHIRE, ISLE OF WIGHT AND THAMES VALLEY)",134008,86217,7321,40470,14052,42,27864
2019-10,"NHS ENGLAND SOUTH EAST (KENT, SURREY AND SUSSEX)",160507,110618,1287,48602,23297,16,33300
2019-10,NHS ENGLAND SOUTH WEST (SOUTH WEST NORTH),82937,53677,2573,26687,12663,52,18165
2019-10,NHS ENGLAND SOUTH WEST (SOUTH WEST SOUTH),103226,61528,1621,40077,10949,106,22339
2019-11,NHS ENGLAND EAST OF ENGLAND (EAST),195595,147129,0,48466,31686,19,46541
2019-11,NHS ENGLAND LONDON,437124,241697,16228,179199,65357,197,65006
2019-11,NHS ENGLAND MIDLANDS (CENTRAL MIDLANDS),85238,49619,2524,33095,17142,13,14066
2019-11,NHS ENGLAND MIDLANDS (NORTH MIDLANDS),120393,76700,2096,41597,21118,100,24056
2019-11,NHS ENGLAND MIDLANDS (WEST MIDLANDS),187057,122907,3086,61064,40237,180,36513
2019-11,NHS ENGLAND NORTH EAST AND YORKSHIRE (CUMBRIA AND NORTH EAST),129688,76684,3601,49403,19432,4,25994
2019-11,NHS ENGLAND NORTH EAST AND YORKSHIRE (YORKSHIRE AND HUMBER),203423,147889,2112,53422,30910,18,39757
2019-11,NHS ENGLAND NORTH WEST (CHESHIRE AND MERSEYSIDE),115951,72834,1540,41577,22527,49,24982
2019-11,NHS ENGLAND NORTH WEST (GREATER MANCHESTER),139384,94609,3512,41263,30998,146,27544
2019-11,NHS ENGLAND NORTH WEST (LANCASHIRE AND SOUTH CUMBRIA),62357,29395,298,32664,11207,79,11489
2019-11,"NHS ENGLAND SOUTH EAST (HAMPSHIRE, ISLE OF WIGHT AND THAMES VALLEY)",131079,84186,7090,39803,15512,13,28089
2019-11,"NHS ENGLAND SOUTH EAST (KENT, SURREY AND SUSSEX)",157849,110894,1206,45749,26118,36,32742
2019-11,NHS ENGLAND SOUTH WEST (SOUTH WEST NORTH),80476,53055,2335,25086,14419,186,17831
2019-11,NHS ENGLAND SOUTH WEST (SOUTH WEST SOUTH),97891,58785,1551,37555,11465,71,21849
2019-12,NHS ENGLAND EAST OF ENGLAND (EAST),202149,149982,0,52167,36650,29,47936
2019-12,NHS ENGLAND LONDON,448700,245679,14720,188301,72955,215,64216
2019-12,NHS ENGLAND MIDLANDS (CENTRAL MIDLANDS),89759,50389,2505,36865,19012,24,14310
2019-12,NHS ENGLAND MIDLANDS (NORTH MIDLANDS),122573,76823,1971,43779,23856,764,24842
2019-12,NHS ENGLAND MIDLANDS (WEST MIDLANDS),198373,126973,2793,68607,45334,259,38098
2019-12,NHS ENGLAND NORTH EAST AND YORKSHIRE (CUMBRIA AND NORTH EAST),129349,75659,3309,50381,19916,32,26197
2019-12,NHS ENGLAND NORTH EAST AND YORKSHIRE (YORKSHIRE AND HUMBER),205990,148582,2054,55354,35743,24,40909
2019-12,NHS ENGLAND NORTH WEST (CHESHIRE AND MERSEYSIDE),119134,71061,1403,46670,24408,127,24515
2019-12,NHS ENGLAND NORTH WEST (GREATER MANCHESTER),129470,89870,3324,36276,32146,280,25688
2019-12,NHS ENGLAND NORTH WEST (LANCASHIRE AND SOUTH CUMBRIA),61950,28952,338,32660,13249,184,11466
2019-12,"NHS ENGLAND SOUTH EAST (HAMPSHIRE, ISLE OF WIGHT AND THAMES VALLEY)",132370,84617,6374,41379,15779,76,30303
2019-12,"NHS ENGLAND SOUTH EAST (KENT, SURREY AND SUSSEX)",159012,110490,1101,47421,28384,45,34062
2019-12,NHS ENGLAND SOUTH WEST (SOUTH WEST NORTH),81552,53552,2194,25806,16724,208,18428
2019-12,NHS ENGLAND SOUTH WEST (SOUTH WEST SOUTH),100156,61025,1372,37759,12042,89,23664
2020-01,NHS ENGLAND EAST OF ENGLAND (EAST),195023,144138,788,50097,32571,57,46814
2020-01,NHS ENGLAND LONDON,438439,240831,16760,180848,66121,402,64755
2020-01,NHS ENGLAND MIDLANDS (CENTRAL MIDLANDS),87277,47984,2782,36511,16598,18,14267
2020-01,NHS ENGLAND MIDLANDS (NORTH MIDLANDS),116727,72976,2219,41532,19618,785,23489
2020-01,NHS ENGLAND MIDLANDS (WEST MIDLANDS),189884,121402,3259,65223,39394,299,38076
2020-01,NHS ENGLAND NORTH EAST AND YORKSHIRE (CUMBRIA AND NORTH EAST),123925,72257,3832,47836,17616,26,25348
2020-01,NHS ENGLAND NORTH EAST AND YORKSHIRE (YORKSHIRE AND HUMBER),198917,142938,2190,53789,29928,30,40492
2020-01,NHS ENGLAND NORTH WEST (CHESHIRE AND MERSEYSIDE),115717,69410,1587,44720,22327,58,24481
2020-01,NHS ENGLAND NORTH WEST (GREATER MANCHESTER),126923,87775,3628,35520,27937,329,26264
2020-01,NHS ENGLAND NORTH WEST (LANCASHIRE AND SOUTH CUMBRIA),60525,30014,104,30407,11204,194,11364
2020-01,"NHS ENGLAND SOUTH EAST (HAMPSHIRE, ISLE OF WIGHT AND THAMES VALLEY)",130207,81991,7255,40961,14349,23,27203
2020-01,"NHS ENGLAND SOUTH EAST (KENT, SURREY AND SUSSEX)",154969,106374,1226,47369,25196,64,33703
2020-01,NHS ENGLAND SOUTH WEST (SOUTH WEST NORTH),79047,51275,2486,25286,14398,413,17711
2020-01,NHS ENGLAND SOUTH WEST (SOUTH WEST SOUTH),97129,57869,1481,37779,11519,149,22574
2020-02,NHS ENGLAND EAST OF ENGLAND (EAST),182628,135738,0,46890,26902,44,42030
2020-02,NHS ENGLAND LONDON,401751,220258,15139,166354,56148,302,59116
2020-02,NHS ENGLAND MIDLANDS (CENTRAL MIDLANDS),81979,44973,2570,34436,14726,10,13177
2020-02,NHS ENGLAND MIDLANDS (NORTH MIDLANDS),108347,67847,2105,38395,17772,270,22143
2020-02,NHS ENGLAND MIDLANDS (WEST MIDLANDS),178085,113654,2945,61486,35713,99,34582
2020-02,NHS ENGLAND NORTH EAST AND YORKSHIRE (CUMBRIA AND NORTH EAST),114998,66982,3484,44532,14275,21,23443
2020-02,NHS ENGLAND NORTH EAST AND YORKSHIRE (YORKSHIRE AND HUMBER),185150,132829,2028,50293,24566,4,37425
2020-02,NHS ENGLAND NORTH WEST (CHESHIRE AND MERSEYSIDE),109345,65096,1497,42752,18497,36,23068
2020-02,NHS ENGLAND NORTH WEST (GREATER MANCHESTER),116371,81033,3375,31963,25207,167,23472
2020-02,NHS ENGLAND NORTH WEST (LANCASHIRE AND SOUTH CUMBRIA),55532,27749,62,27721,9900,218,10495
2020-02,"NHS ENGLAND SOUTH EAST (HAMPSHIRE, ISLE OF WIGHT AND THAMES VALLEY)",122822,77145,7032,38645,13829,8,25131
2020-02,"NHS ENGLAND SOUTH EAST (KENT, SURREY AND SUSSEX)",146555,100703,1132,44720,23137,98,31066
2020-02,NHS ENGLAND SOUTH WEST (SOUTH WEST NORTH),74199,48475,2328,23396,14271,225,16272
2020-02,NHS ENGLAND SOUTH WEST (SOUTH WEST SOUTH),91929,54773,1427,35729,10364,119,20857
2020-03,NHS ENGLAND EAST OF ENGLAND (EAST),143450,110869,0,32581,19638,53,36152
2020-03,NHS ENGLAND LONDON,294073,172289,10412,111372,45105,429,47833
2020-03,NHS ENGLAND MIDLANDS (CENTRAL MIDLANDS),63574,37225,1883,24466,9658,5,11070
2020-03,NHS ENGLAND MIDLANDS (NORTH MIDLANDS),85877,56447,1472,27958,13644,176,20247
2020-03,NHS ENGLAND MIDLANDS (WEST MIDLANDS),136226,91654,2191,42381,26304,51,29757
2020-03,NHS ENGLAND NORTH EAST AND YORKSHIRE (CUMBRIA AND NORTH EAST),97010,57172,2675,37163,9968,26,20285
2020-03,NHS ENGLAND NORTH EAST AND YORKSHIRE (YORKSHIRE AND HUMBER),148767,111788,1525,35454,17155,1,31449
2020-03,NHS ENGLAND NORTH WEST (CHESHIRE AND MERSEYSIDE),84545,54493,1153,28899,12366,31,20313
2020-03,NHS ENGLAND NORTH WEST (GREATER MANCHESTER),92008,67527,2726,21755,17529,40,20183
2020-03,NHS ENGLAND NORTH WEST (LANCASHIRE AND SOUTH CUMBRIA),45221,23793,64,21364,6588,77,9309
2020-03,"NHS ENGLAND SOUTH EAST (HAMPSHIRE, ISLE OF WIGHT AND THAMES VALLEY)",95751,63578,4848,27325,9664,3,21473
2020-03,"NHS ENGLAND SOUTH EAST (KENT, SURREY AND SUSSEX)",115119,81328,803,32988,14319,110,26183
2020-03,NHS ENGLAND SOUTH WEST (SOUTH WEST NORTH),56997,39333,1767,15897,8448,128,13655
2020-03,NHS ENGLAND SOUTH WEST (SOUTH WEST SOUTH),73183,45525,1228,26430,6415,44,17924
2020-04,NHS ENGLAND EAST OF ENGLAND ,91782,76994,0,14788,8285,4,29777
2020-04,NHS ENGLAND LONDON,160861,110925,6295,43641,20430,232,35688
2020-04,NHS ENGLAND MIDLANDS ,167103,119380,3420,44303,15871,4,45128
2020-04,NHS ENGLAND NORTH EAST AND YORKSHIRE ,148423,117954,1933,28536,9141,0,40407
2020-04,NHS ENGLAND NORTH WEST ,134434,103087,2574,28773,12006,6,42972
2020-04,NHS ENGLAND SOUTH EAST ,134090,101795,3635,28660,8542,4,38279
2020-04,NHS ENGLAND SOUTH WEST ,79882,59585,1869,18428,3860,1,25677
2020-05,NHS ENGLAND EAST OF ENGLAND ,128997,106370,0,22627,9306,3,35404
2020-05,NHS ENGLAND LONDON,219265,141418,8565,69282,13326,71,43290
2020-05,NHS ENGLAND MIDLANDS ,227836,160329,4536,62971,16965,2,53874
2020-05,NHS ENGLAND NORTH EAST AND YORKSHIRE ,202135,157192,2644,42299,8897,1,49091
2020-05,NHS ENGLAND NORTH WEST ,183208,137496,3100,42612,11334,4,51822
2020-05,NHS ENGLAND SOUTH EAST ,185494,139244,5060,41190,7653,5,47785
2020-05,NHS ENGLAND SOUTH WEST ,114902,82169,2574,30159,5380,7,31453
2020-06,NHS ENGLAND EAST OF ENGLAND ,143218,116460,0,26758,9124,2,39100
2020-06,NHS ENGLAND LONDON,253344,158961,9985,84398,14876,113,48684
2020-06,NHS ENGLAND MIDLANDS ,254163,178463,5292,70408,22600,5,57490
2020-06,NHS ENGLAND NORTH EAST AND YORKSHIRE ,223622,172149,3165,48308,10766,0,53839
2020-06,NHS ENGLAND NORTH WEST ,203612,151693,2921,48998,16632,12,54123
2020-06,NHS ENGLAND SOUTH EAST ,205908,151606,6618,47684,9649,14,51157
2020-06,NHS ENGLAND SOUTH WEST ,126735,86800,2913,37022,7064,13,33316
2020-07,NHS ENGLAND EAST OF ENGLAND ,162804,126539,0,36265,12061,3,42527
2020-07,NHS ENGLAND LONDON,278189,173449,9448,95292,17388,172,51672
2020-07,NHS ENGLAND MIDLANDS ,289824,198572,5917,85335,25679,7,63700
2020-07,NHS ENGLAND NORTH EAST AND YORKSHIRE ,253819,190338,3511,59970,14959,1,57254
2020-07,NHS ENGLAND NORTH WEST ,226286,165504,3219,57563,20022,19,57512
2020-07,NHS ENGLAND SOUTH EAST ,229204,166108,7275,55821,13444,8,54878
2020-07,NHS ENGLAND SOUTH WEST ,148160,99911,3389,44860,9725,61,35840
2020-08,NHS ENGLAND EAST OF ENGLAND ,172520,132236,0,40284,17613,34,42744
2020-08,NHS ENGLAND LONDON,295337,182133,9305,103899,23874,182,52998
2020-08,NHS ENGLAND MIDLANDS ,308432,209172,5816,93444,36373,7,64497
2020-08,NHS ENGLAND NORTH EAST AND YORKSHIRE ,269222,197886,3533,67803,21226,2,58749
2020-08,NHS ENGLAND NORTH WEST ,243491,172755,3253,67483,29628,14,57308
2020-08,NHS ENGLAND SOUTH EAST ,247996,177187,7156,63653,21188,20,56975
2020-08,NHS ENGLAND SOUTH WEST ,161530,106249,3168,52113,16059,76,36937
2020-09,NHS ENGLAND EAST OF ENGLAND ,168148,129387,0,38761,19125,22,43253
2020-09,NHS ENGLAND LONDON,303854,186721,9970,107163,27629,180,53767
2020-09,NHS ENGLAND MIDLANDS ,306826,208653,6020,92153,44952,14,65192
2020-09,NHS ENGLAND NORTH EAST AND YORKSHIRE ,261054,194728,3333,62993,26447,5,58841
2020-09,NHS ENGLAND NORTH WEST ,239074,168377,3350,67347,35621,63,56239
2020-09,NHS ENGLAND SOUTH EAST ,239845,171872,7364,60609,20474,17,56674
2020-09,NHS ENGLAND SOUTH WEST ,151574,101008,3258,47308,17624,45,36629
2020-10,NHS ENGLAND EAST OF ENGLAND ,160115,124464,0,35651,20697,129,43642
2020-10,NHS ENGLAND LONDON,287435,179990,9619,97826,29694,290,54554
2020-10,NHS ENGLAND MIDLANDS ,289987,199071,6131,84785,49255,107,65689
2020-10,NHS ENGLAND NORTH EAST AND YORKSHIRE ,246615,186106,3477,57032,34364,55,58970
2020-10,NHS ENGLAND NORTH WEST ,223899,159408,3355,61136,46396,490,54486
2020-10,NHS ENGLAND SOUTH EAST ,225901,162255,7205,56441,22940,17,57825
2020-10,NHS ENGLAND SOUTH WEST ,140928,96167,3225,41536,17310,180,36793
2020-11,NHS ENGLAND EAST OF ENGLAND ,149334,116065,0,33269,19901,209,40120
2020-11,NHS ENGLAND LONDON,271344,171596,9209,90539,29440,452,52206
2020-11,NHS ENGLAND MIDLANDS ,268518,183374,5792,79352,49173,227,61477
2020-11,NHS ENGLAND NORTH EAST AND YORKSHIRE ,222618,169822,3364,49432,32500,124,54347
2020-11,NHS ENGLAND NORTH WEST ,208692,150696,3355,54641,42222,704,51786
2020-11,NHS ENGLAND SOUTH EAST ,211045,152798,7156,51091,23096,124,54955
2020-11,NHS ENGLAND SOUTH WEST ,125649,86033,2996,36620,15990,308,33786
2020-12,NHS ENGLAND EAST OF ENGLAND ,142669,112184,0,30485,27612,337,39942
2020-12,NHS ENGLAND LONDON,269435,173514,8307,87614,44784,1668,54278
2020-12,NHS ENGLAND MIDLANDS ,262991,181910,5357,75724,54464,389,62691
2020-12,NHS ENGLAND NORTH EAST AND YORKSHIRE ,225979,171646,3295,51038,33533,75,56943
2020-12,NHS ENGLAND NORTH WEST ,212183,154405,3272,54506,47019,592,53895
2020-12,NHS ENGLAND SOUTH EAST ,199262,146132,6640,46490,30572,248,54097
2020-12,NHS ENGLAND SOUTH WEST ,122235,84170,2935,35130,18607,436,34659
2021-01,NHS ENGLAND EAST OF ENGLAND ,122106,98619,0,23487,24482,245,38595
2021-01,NHS ENGLAND LONDON,225633,149339,6543,69751,45281,1551,51378
2021-01,NHS ENGLAND MIDLANDS ,236831,165930,5193,65708,54927,405,63046
2021-01,NHS ENGLAND NORTH EAST AND YORKSHIRE ,209317,161070,2844,45403,31567,59,56488
2021-01,NHS ENGLAND NORTH WEST ,192984,141881,3248,47855,45234,405,53547
2021-01,NHS ENGLAND SOUTH EAST ,172823,128760,5609,38454,29304,141,52311
2021-01,NHS ENGLAND SOUTH WEST ,103867,73651,2282,27934,17106,1019,32680
2021-02,NHS ENGLAND EAST OF ENGLAND ,120601,96441,0,24160,16332,86,35625
2021-02,NHS ENGLAND LONDON,223748,143690,7598,72460,27068,235,45666
2021-02,NHS ENGLAND MIDLANDS ,231764,158407,5396,67961,41966,170,58550
2021-02,NHS ENGLAND NORTH EAST AND YORKSHIRE ,202321,154648,3009,44664,29187,50,52227
2021-02,NHS ENGLAND NORTH WEST ,183237,134275,3173,45789,33994,112,50141
2021-02,NHS ENGLAND SOUTH EAST ,165812,121584,6103,38125,17422,26,49777
2021-02,NHS ENGLAND SOUTH WEST ,102638,71394,2580,28664,14593,342,31060
2021-03,NHS ENGLAND EAST OF ENGLAND ,156955,124023,0,32932,18001,35,42447
2021-03,NHS ENGLAND LONDON,298055,184260,10126,103669,29954,292,55998
2021-03,NHS ENGLAND MIDLANDS ,306928,204392,6688,95848,46447,42,68321
2021-03,NHS ENGLAND NORTH EAST AND YORKSHIRE ,263545,196290,4020,63235,33206,24,61883
2021-03,NHS ENGLAND NORTH WEST ,235456,173869,3995,57592,41605,111,57779
2021-03,NHS ENGLAND SOUTH EAST ,223352,153643,7471,62238,20006,33,59470
2021-03,NHS ENGLAND SOUTH WEST ,138011,92202,3228,42581,16942,151,37024
2021-04,NHS ENGLAND EAST OF ENGLAND ,174259,134853,0,39406,21332,23,43979
2021-04,NHS ENGLAND LONDON,329473,200523,10287,118663,35554,208,55980
2021-04,NHS ENGLAND MIDLANDS ,336619,218848,6430,111341,52447,21,69827
2021-04,NHS ENGLAND NORTH EAST AND YORKSHIRE ,290385,211576,3951,74858,37119,8,62394
2021-04,NHS ENGLAND NORTH WEST ,261103,187919,3791,69393,48399,118,61544
2021-04,NHS ENGLAND SOUTH EAST ,245748,168114,7468,70166,24043,20,60859
2021-04,NHS ENGLAND SOUTH WEST ,149913,100951,3307,45655,20823,128,37693
2021-05,NHS ENGLAND EAST OF ENGLAND ,196951,150008,0,46943,26061,34,47376
2021-05,NHS ENGLAND LONDON,364897,220029,11074,133794,43693,395,59481
2021-05,NHS ENGLAND MIDLANDS ,375977,245871,6520,123586,66529,22,74014
2021-05,NHS ENGLAND NORTH EAST AND YORKSHIRE ,316787,229240,4104,83443,44027,11,66882
2021-05,NHS ENGLAND NORTH WEST ,289821,207892,3997,77932,61778,135,64578
2021-05,NHS ENGLAND SOUTH EAST ,273949,188781,7882,77286,29708,19,65526
2021-05,NHS ENGLAND SOUTH WEST ,164292,111228,3342,49722,25064,79,40609
2021-06,NHS ENGLAND EAST OF ENGLAND ,206456,155735,0,50721,32533,140,46129
2021-06,NHS ENGLAND LONDON,390891,232343,12252,146296,56053,552,59017
2021-06,NHS ENGLAND MIDLANDS ,388938,253505,6887,128546,78293,93,72855
2021-06,NHS ENGLAND NORTH EAST AND YORKSHIRE ,331774,234285,4098,93391,51100,18,65581
2021-06,NHS ENGLAND NORTH WEST ,293089,207566,4210,81313,68303,217,62232
2021-06,NHS ENGLAND SOUTH EAST ,289730,196963,8133,84634,37925,20,63349
2021-06,NHS ENGLAND SOUTH WEST ,175934,117483,3466,54985,29654,249,38756
2021-07,NHS ENGLAND EAST OF ENGLAND ,208981,152139,0,56842,38364,213,46922
2021-07,NHS ENGLAND LONDON,386362,231886,12744,141732,63004,445,58767
2021-07,NHS ENGLAND MIDLANDS ,386107,254148,6847,125112,88503,443,74499
2021-07,NHS ENGLAND NORTH EAST AND YORKSHIRE ,332781,232809,3848,96124,66478,90,66865
2021-07,NHS ENGLAND NORTH WEST ,300024,210914,4022,85088,83884,271,61399
2021-07,NHS ENGLAND SOUTH EAST ,288935,195143,8263,85529,47168,38,63382
2021-07,NHS ENGLAND SOUTH WEST ,179147,118948,3403,56796,35618,708,38734
2021-08,NHS ENGLAND EAST OF ENGLAND ,197487,144170,0,53317,40304,269,42360
2021-08,NHS ENGLAND LONDON,357805,214371,13009,130425,62043,718,53345
2021-08,NHS ENGLAND MIDLANDS ,362763,237359,6838,118566,87210,398,72237
2021-08,NHS ENGLAND NORTH EAST AND YORKSHIRE ,316174,218156,4271,93747,64294,146,63993
2021-08,NHS ENGLAND NORTH WEST ,281104,192305,3978,84821,75319,559,58314
2021-08,NHS ENGLAND SOUTH EAST ,273784,186363,7940,79481,47614,49,60922
2021-08,NHS ENGLAND SOUTH WEST ,172508,114365,3541,54602,34013,648,37620
2021-09,NHS ENGLAND EAST OF ENGLAND ,205885,148807,0,57078,44143,584,42628
2021-09,NHS ENGLAND LONDON,389651,231528,13467,144656,77609,973,53282
2021-09,NHS ENGLAND MIDLANDS ,379198,247883,6834,124481,95754,908,71157
2021-09,NHS ENGLAND NORTH EAST AND YORKSHIRE ,326215,223184,4220,98811,68751,315,63151
2021-09,NHS ENGLAND NORTH WEST ,295289,199874,4068,91347,84229,989,58435
2021-09,NHS ENGLAND SOUTH EAST ,286789,193273,8068,85448,55272,142,60804
2021-09,NHS ENGLAND SOUTH WEST ,172142,115042,3571,53529,36526,1113,36266
2021-10,NHS ENGLAND EAST OF ENGLAND ,208942,150860,0,58082,45411,916,43574
2021-10,NHS ENGLAND LONDON,402680,238868,13225,150587,82923,945,54599
2021-10,NHS ENGLAND MIDLANDS ,384969,250787,6619,127563,99742,1450,73121
2021-10,NHS ENGLAND NORTH EAST AND YORKSHIRE ,332105,227249,4181,100675,75199,350,67304
2021-10,NHS ENGLAND NORTH WEST ,302872,206994,4227,91651,92423,1544,59064
2021-10,NHS ENGLAND SOUTH EAST ,284958,194053,7836,83069,60692,314,61160
2021-10,NHS ENGLAND SOUTH WEST ,170649,115571,3386,51692,38683,1539,36886
2021-11,NHS ENGLAND EAST OF ENGLAND ,196157,141090,0,55067,44807,768,41509
2021-11,NHS ENGLAND LONDON,377110,226642,12980,137488,77873,1800,52424
2021-11,NHS ENGLAND MIDLANDS ,361747,234438,6740,120569,94465,2692,70771
2021-11,NHS ENGLAND NORTH EAST AND YORKSHIRE ,312180,214852,4177,93151,70462,469,64381
2021-11,NHS ENGLAND NORTH WEST ,286858,195625,3946,87287,85544,2059,58572
2021-11,NHS ENGLAND SOUTH EAST ,268856,181445,7749,79662,55649,629,58964
2021-11,NHS ENGLAND SOUTH WEST ,158156,106854,3229,48073,34971,2229,34887
2021-12,NHS ENGLAND EAST OF ENGLAND ,182807,133502,0,49305,44696,1042,41570
2021-12,NHS ENGLAND LONDON,341168,211492,11385,118291,73754,2415,51072
2021-12,NHS ENGLAND MIDLANDS ,336923,217552,6029,113342,88113,3244,69976
2021-12,NHS ENGLAND NORTH EAST AND YORKSHIRE ,285363,200823,3673,80867,65747,791,65370
2021-12,NHS ENGLAND NORTH WEST ,264852,181914,3614,79324,80433,2400,57375
2021-12,NHS ENGLAND SOUTH EAST ,246164,171000,7048,68116,51582,542,59628
2021-12,NHS ENGLAND SOUTH WEST ,145297,100397,3000,41900,32113,2425,34973
2022-01,NHS ENGLAND EAST OF ENGLAND ,182093,132730,0,49363,41523,1500,40177
2022-01,NHS ENGLAND LONDON,342583,212364,11959,118260,70307,2941,48859
2022-01,NHS ENGLAND MIDLANDS ,334948,218593,6362,109993,85689,4606,67560
2022-01,NHS ENGLAND NORTH EAST AND YORKSHIRE ,282574,198617,3773,80184,63688,1205,62100
2022-01,NHS ENGLAND NORTH WEST ,265171,177888,3940,83343,78666,3061,54668
2022-01,NHS ENGLAND SOUTH EAST ,250251,172852,7293,70106,49922,700,58650
2022-01,NHS ENGLAND SOUTH WEST ,145637,99663,3090,42884,31111,2551,33478
2022-02,NHS ENGLAND EAST OF ENGLAND ,177986,129778,0,48208,43776,1623,37027
2022-02,NHS ENGLAND LONDON,334870,205179,12418,117273,71453,3255,45430
2022-02,NHS ENGLAND MIDLANDS ,326196,211458,6636,108102,86098,4064,64375
2022-02,NHS ENGLAND NORTH EAST AND YORKSHIRE ,276089,192006,4204,79879,62264,1508,58793
2022-02,NHS ENGLAND NORTH WEST ,256737,173551,3827,79359,78781,2508,52391
2022-02,NHS ENGLAND SOUTH EAST ,245376,166009,7504,71863,51084,554,53282
2022-02,NHS ENGLAND SOUTH WEST ,141140,95880,3259,42001,32958,2890,29899
2022-03,NHS ENGLAND EAST OF ENGLAND ,211834,151587,0,60247,55909,2395,40324
2022-03,NHS ENGLAND LONDON,396249,239798,13894,142557,92453,3920,51800
2022-03,NHS ENGLAND MIDLANDS ,389736,249504,7367,132865,107706,5084,72153
2022-03,NHS ENGLAND NORTH EAST AND YORKSHIRE ,331467,229360,4309,97798,77174,2111,66590
2022-03,NHS ENGLAND NORTH WEST ,311595,207973,4353,99269,99734,3896,58852
2022-03,NHS ENGLAND SOUTH EAST ,293271,197863,8301,87107,67690,1278,59049
2022-03,NHS ENGLAND SOUTH WEST ,165884,110888,3559,51437,41022,3822,32780
2022-04,NHS ENGLAND EAST OF ENGLAND ,192945,137648,0,55297,48924,2185,38634
2022-04,NHS ENGLAND LONDON,368138,221715,12933,133490,83943,4004,49141
2022-04,NHS ENGLAND MIDLANDS ,367397,232131,6928,128338,98826,5470,67728
2022-04,NHS ENGLAND NORTH EAST AND YORKSHIRE ,309467,209152,4115,96200,73585,2893,62601
2022-04,NHS ENGLAND NORTH WEST ,288331,191124,3920,93287,88906,4622,55126
2022-04,NHS ENGLAND SOUTH EAST ,276100,182091,7574,86435,63314,1393,55324
2022-04,NHS ENGLAND SOUTH WEST ,155013,105684,2307,47022,39105,3612,31377
2022-05,NHS ENGLAND EAST OF ENGLAND ,217621,154302,0,63319,54434,1729,41080
2022-05,NHS ENGLAND LONDON,409815,244217,14389,151209,96229,3600,51688
2022-05,NHS ENGLAND MIDLANDS ,399161,253124,7731,138306,105360,4193,71996
2022-05,NHS ENGLAND NORTH EAST AND YORKSHIRE ,338817,228730,4582,105505,76820,2346,66635
2022-05,NHS ENGLAND NORTH WEST ,312336,205655,4281,102400,94005,4018,58560
2022-05,NHS ENGLAND SOUTH EAST ,306658,201322,8224,97112,66295,1183,60086
2022-05,NHS ENGLAND SOUTH WEST ,173056,114765,2519,55772,40657,2588,34742
2022-06,NHS ENGLAND EAST OF ENGLAND ,212854,149587,0,63267,53760,2247,39665
2022-06,NHS ENGLAND LONDON,402743,240051,14226,148466,97524,3954,50483
2022-06,NHS ENGLAND MIDLANDS ,390680,246460,7364,136856,107285,5271,70067
2022-06,NHS ENGLAND NORTH EAST AND YORKSHIRE ,332890,223426,4364,105100,78600,2681,64966
2022-06,NHS ENGLAND NORTH WEST ,304080,197682,4105,102293,92839,3590,57066
2022-06,NHS ENGLAND SOUTH EAST ,302920,196987,8220,97713,66886,1227,58422
2022-06,NHS ENGLAND SOUTH WEST ,172200,113711,2503,55986,41992,3047,33259
2022-07,NHS ENGLAND EAST OF ENGLAND ,211183,150573,0,60610,56106,2993,39654
2022-07,NHS ENGLAND LONDON,392390,236678,13642,142070,98418,5537,49931
2022-07,NHS ENGLAND MIDLANDS ,385894,243086,6770,136038,106783,6680,69122
2022-07,NHS ENGLAND NORTH EAST AND YORKSHIRE ,334703,224944,4343,105416,80466,3220,65392
2022-07,NHS ENGLAND NORTH WEST ,305141,197870,4241,103030,95114,5025,55080
2022-07,NHS ENGLAND SOUTH EAST ,303377,196774,8079,98524,73359,1987,56562
2022-07,NHS ENGLAND SOUTH WEST ,176491,115722,2413,58356,45741,3697,33628
2022-08,NHS ENGLAND EAST OF ENGLAND ,200823,139342,0,61481,51712,2785,38181
2022-08,NHS ENGLAND LONDON,334634,214186,13796,106652,80576,4883,47691
2022-08,NHS ENGLAND MIDLANDS ,356946,227628,7147,122171,97784,5755,67131
2022-08,NHS ENGLAND NORTH EAST AND YORKSHIRE ,313045,209580,4630,98835,74216,3564,62186
2022-08,NHS ENGLAND NORTH WEST ,284554,188717,4311,91526,86931,5645,53876
2022-08,NHS ENGLAND SOUTH EAST ,286468,185536,8253,92679,63505,2342,55143
2022-08,NHS ENGLAND SOUTH WEST ,168224,111724,2491,54009,43146,3716,32880
2022-09,NHS ENGLAND EAST OF ENGLAND ,198715,139067,0,59648,49615,3130,38178
2022-09,NHS ENGLAND LONDON,362043,218772,13319,129952,88859,5483,49080
2022-09,NHS ENGLAND MIDLANDS ,354838,227843,7036,119959,97940,6307,68654
2022-09,NHS ENGLAND NORTH EAST AND YORKSHIRE ,306774,207715,4283,94776,73500,4199,62450
2022-09,NHS ENGLAND NORTH WEST ,285706,187405,4614,93687,92787,7097,54141
2022-09,NHS ENGLAND SOUTH EAST ,281850,184880,8340,88630,67321,2650,55394
2022-09,NHS ENGLAND SOUTH WEST ,160468,108998,2455,49015,42795,3896,32860
2022-10,NHS ENGLAND EAST OF ENGLAND ,214612,150383,0,64229,58249,4033,39512
2022-10,NHS ENGLAND LONDON,400539,237549,13933,149057,107066,8102,50474
2022-10,NHS ENGLAND MIDLANDS ,392820,247521,7305,137994,109872,8945,72504
2022-10,NHS ENGLAND NORTH EAST AND YORKSHIRE ,330590,221867,4355,104368,84787,5020,65428
2022-10,NHS ENGLAND NORTH WEST ,306127,199100,4775,102252,103088,9147,55669
2022-10,NHS ENGLAND SOUTH EAST ,307207,199246,8365,99596,79081,3730,57652
2022-10,NHS ENGLAND SOUTH WEST ,168792,114246,2484,52062,45756,4816,33502
2022-11,NHS ENGLAND EAST OF ENGLAND ,212826,148904,0,63922,57512,3134,40840
2022-11,NHS ENGLAND LONDON,397182,236409,13959,146814,109841,7153,50033
2022-11,NHS ENGLAND MIDLANDS ,395010,247883,7359,139768,115353,7296,71284
2022-11,NHS ENGLAND NORTH EAST AND YORKSHIRE ,330968,223774,4489,102705,86734,4779,65465
2022-11,NHS ENGLAND NORTH WEST ,304947,198709,5156,101082,103356,8184,56606
2022-11,NHS ENGLAND SOUTH EAST ,303935,198559,8841,96535,77486,3248,58450
2022-11,NHS ENGLAND SOUTH WEST ,165333,111177,2615,51541,43786,4059,34148
2022-12,NHS ENGLAND EAST OF ENGLAND ,226740,154138,0,72602,68041,4198,41615
2022-12,NHS ENGLAND LONDON,408343,239846,11660,156837,127527,9588,50646
2022-12,NHS ENGLAND MIDLANDS ,420322,253587,6474,160261,138838,11483,73457
2022-12,NHS ENGLAND NORTH EAST AND YORKSHIRE ,350852,231218,3876,115758,102919,7392,68287
2022-12,NHS ENGLAND NORTH WEST ,318337,204726,4608,109003,118958,10729,57910
2022-12,NHS ENGLAND SOUTH EAST ,324033,211120,7595,105318,95930,5036,59392
2022-12,NHS ENGLAND SOUTH WEST ,172607,115592,2169,54846,50731,6147,34425
2023-01,NHS ENGLAND EAST OF ENGLAND ,191588,132925,0,58663,46551,3654,40376
2023-01,NHS ENGLAND LONDON,355317,211591,13710,130016,86681,8280,49642
2023-01,NHS ENGLAND MIDLANDS ,358748,221700,7321,129727,95596,8197,70403
2023-01,NHS ENGLAND NORTH EAST AND YORKSHIRE ,295934,198469,4555,92910,71030,4928,64435
2023-01,NHS ENGLAND NORTH WEST ,270576,172639,5407,92530,81360,9296,55118
2023-01,NHS ENGLAND SOUTH EAST ,275928,180506,8373,87049,60040,3614,58089
2023-01,NHS ENGLAND SOUTH WEST ,149954,98086,2438,49430,35658,4798,33140
2023-02,NHS ENGLAND EAST OF ENGLAND ,187097,130302,0,56795,46911,2937,37456
2023-02,NHS ENGLAND LONDON,348613,207802,13498,127313,92567,7416,45650
2023-02,NHS ENGLAND MIDLANDS ,344905,212658,7288,124959,94959,7491,65654
2023-02,NHS ENGLAND NORTH EAST AND YORKSHIRE ,286434,191779,4522,90133,70208,3382,59138
2023-02,NHS ENGLAND NORTH WEST ,261053,167572,4966,88515,78861,7074,51569
2023-02,NHS ENGLAND SOUTH EAST ,270456,171535,8522,90399,59300,3341,54702
2023-02,NHS ENGLAND SOUTH WEST ,149035,98217,2610,48208,37202,3334,31953
2023-03,NHS ENGLAND EAST OF ENGLAND ,213659,148144,0,65515,54508,3534,42077
2023-03,NHS ENGLAND LONDON,386821,228244,15244,143333,99387,7349,52168
2023-03,NHS ENGLAND MIDLANDS ,389815,244310,8297,137208,108853,8387,72939
2023-03,NHS ENGLAND NORTH EAST AND YORKSHIRE ,324055,217864,5175,101016,80889,3774,66433
2023-03,NHS ENGLAND NORTH WEST ,301916,196019,4871,101026,91844,8737,56829
2023-03,NHS ENGLAND SOUTH EAST ,308180,196952,9727,101501,67548,3827,62321
2023-03,NHS ENGLAND SOUTH WEST ,168775,111538,2938,54299,40176,4079,35600
2023-04,NHS ENGLAND EAST OF ENGLAND ,196279,135631,0,60648,44904,1861,39910
2023-04,NHS ENGLAND LONDON,359208,205543,14278,139387,81116,5309,49323
2023-04,NHS ENGLAND MIDLANDS ,366638,225657,7688,133293,91873,5237,69089
2023-04,NHS ENGLAND NORTH EAST AND YORKSHIRE ,308748,206409,4486,97853,68778,2264,63801
2023-04,NHS ENGLAND NORTH WEST ,282502,181844,4436,96222,77833,6566,53778
2023-04,NHS ENGLAND SOUTH EAST ,284561,180286,8611,95664,55350,2616,59634
2023-04,NHS ENGLAND SOUTH WEST ,164916,107143,2591,55182,35136,2639,34580
2023-05,NHS ENGLAND EAST OF ENGLAND ,214791,149608,0,65183,51142,1972,42602
2023-05,NHS ENGLAND LONDON,396673,224895,15516,156262,94045,6387,53037
2023-05,NHS ENGLAND MIDLANDS ,405147,251698,8001,145448,105054,7096,73415
2023-05,NHS ENGLAND NORTH EAST AND YORKSHIRE ,341385,226815,4977,109593,75475,2570,67966
2023-05,NHS ENGLAND NORTH WEST ,311351,201007,4811,105533,84545,7265,58124
2023-05,NHS ENGLAND SOUTH EAST ,315306,198555,9177,107574,61995,3035,63706
2023-05,NHS ENGLAND SOUTH WEST ,187114,118820,2822,65472,41827,3173,36238
2023-06,NHS ENGLAND EAST OF ENGLAND ,218277,152024,0,66253,64699,2054,41376
2023-06,NHS ENGLAND LONDON,393781,224368,15742,153671,102596,5196,53243
2023-06,NHS ENGLAND MIDLANDS ,400863,251583,8254,141026,119175,6168,72809
2023-06,NHS ENGLAND NORTH EAST AND YORKSHIRE ,332504,221773,4811,105920,86998,1831,66488
2023-06,NHS ENGLAND NORTH WEST ,307548,194977,4840,107731,81727,6329,56114
2023-06,NHS ENGLAND SOUTH EAST ,315811,199392,9186,107233,75920,2517,62972
2023-06,NHS ENGLAND SOUTH WEST ,187771,117791,2885,67095,53890,2393,34970
2023-07,NHS ENGLAND EAST OF ENGLAND ,214046,149906,0,64140,60525,1590,42042
2023-07,NHS ENGLAND LONDON,384103,220912,15326,147865,95019,3726,55253
2023-07,NHS ENGLAND MIDLANDS ,394738,247765,7946,139027,114208,6086,74396
2023-07,NHS ENGLAND NORTH EAST AND YORKSHIRE ,333056,223248,5004,104804,87835,1303,67464
2023-07,NHS ENGLAND NORTH WEST ,303144,192833,4827,105484,82365,6706,57461
2023-07,NHS ENGLAND SOUTH EAST ,314606,200345,9033,105228,72673,2411,67738
2023-07,NHS ENGLAND SOUTH WEST ,186098,118630,2818,64650,51453,1574,36060
2023-08,NHS ENGLAND EAST OF ENGLAND ,206032,144300,0,61732,63606,2384,41232
2023-08,NHS ENGLAND LONDON,361032,208161,14303,138568,92145,5048,53728
2023-08,NHS ENGLAND MIDLANDS ,375127,237634,7847,129646,112739,6977,72434
2023-08,NHS ENGLAND NORTH EAST AND YORKSHIRE ,318344,212846,4847,100651,85393,2004,66794
2023-08,NHS ENGLAND NORTH WEST ,293676,185081,4657,103938,82240,6830,57138
2023-08,NHS ENGLAND SOUTH EAST ,303830,192524,8889,102417,73658,2714,62821
2023-08,NHS ENGLAND SOUTH WEST ,184259,117659,2726,63874,52449,1753,35695
2023-09,NHS ENGLAND EAST OF ENGLAND ,211240,145155,0,66085,65157,2203,41771
2023-09,NHS ENGLAND LONDON,378056,219634,14218,144204,105399,5913,53410
2023-09,NHS ENGLAND MIDLANDS ,386087,251865,7464,126758,120547,8344,73249
2023-09,NHS ENGLAND NORTH EAST AND YORKSHIRE ,325553,217764,4486,103303,90681,2819,65958
2023-09,NHS ENGLAND NORTH WEST ,305145,192625,4706,107814,90497,7433,56517
2023-09,NHS ENGLAND SOUTH EAST ,314584,200483,8576,105525,80136,3044,62878
2023-09,NHS ENGLAND SOUTH WEST ,183171,117204,2685,63282,54660,2472,35148
2023-10,NHS ENGLAND EAST OF ENGLAND ,215274,149125,0,66149,69142,3615,43679
2023-10,NHS ENGLAND LONDON,381566,222148,14437,144981,108762,7646,54563
2023-10,NHS ENGLAND MIDLANDS ,402287,263120,7939,131228,131455,11202,76302
2023-10,NHS ENGLAND NORTH EAST AND YORKSHIRE ,338272,227212,4824,106236,101088,4341,70623
2023-10,NHS ENGLAND NORTH WEST ,315263,201480,5028,108755,98467,9467,60212
2023-10,NHS ENGLAND SOUTH EAST ,316884,204406,9012,103466,85737,3976,65597
2023-10,NHS ENGLAND SOUTH WEST ,183265,118055,2936,62274,56730,3287,36365
2023-11,NHS ENGLAND EAST OF ENGLAND ,213004,148254,0,64750,68837,2671,42763
2023-11,NHS ENGLAND LONDON,383128,224659,13665,144804,113674,8346,54581
2023-11,NHS ENGLAND MIDLANDS ,387377,251848,7452,128077,127744,10381,75480
2023-11,NHS ENGLAND NORTH EAST AND YORKSHIRE ,327862,222234,4479,101149,97511,3984,69964
2023-11,NHS ENGLAND NORTH WEST ,300644,192794,4678,103172,95856,8925,58230
2023-11,NHS ENGLAND SOUTH EAST ,309774,203340,8888,97546,87908,4837,64946
2023-11,NHS ENGLAND SOUTH WEST ,173961,113988,2637,57336,53481,3359,36562
2023-12,NHS ENGLAND EAST OF ENGLAND ,215758,148713,0,67045,70770,2809,45808
2023-12,NHS ENGLAND LONDON,389117,225252,12548,151317,114157,7979,56404
2023-12,NHS ENGLAND MIDLANDS ,390185,249766,6809,133610,128423,10857,76639
2023-12,NHS ENGLAND NORTH EAST AND YORKSHIRE ,334235,225316,3880,105039,103656,4373,71485
2023-12,NHS ENGLAND NORTH WEST ,300580,192357,4473,103750,97704,9652,59306
2023-12,NHS ENGLAND SOUTH EAST ,305666,199789,7646,98231,88753,4719,65166
2023-12,NHS ENGLAND SOUTH WEST ,174417,114589,2340,57488,53773,3469,37516
2024-01,NHS ENGLAND EAST OF ENGLAND ,220483,148680,0,71803,70328,3942,46075
2024-01,NHS ENGLAND LONDON,394257,226402,13984,153871,107140,9499,55110
2024-01,NHS ENGLAND MIDLANDS ,394612,251728,7563,135321,127859,13180,77238
2024-01,NHS ENGLAND NORTH EAST AND YORKSHIRE ,336628,226246,4502,105880,101687,5521,70278
2024-01,NHS ENGLAND NORTH WEST ,309952,196863,4792,108297,101774,11999,57988
2024-01,NHS ENGLAND SOUTH EAST ,318609,202323,8682,107604,87744,5965,65161
2024-01,NHS ENGLAND SOUTH WEST ,178659,116731,2679,59249,55538,4206,37318
2024-02,NHS ENGLAND EAST OF ENGLAND ,215490,142825,0,72665,65695,3279,43747
2024-02,NHS ENGLAND LONDON,379564,218801,14168,146595,101593,7807,52666
2024-02,NHS ENGLAND MIDLANDS ,384579,246062,7637,130880,121957,10298,73644
2024-02,NHS ENGLAND NORTH EAST AND YORKSHIRE ,323367,217069,4569,101729,95315,4279,65528
2024-02,NHS ENGLAND NORTH WEST ,298370,188485,4742,105143,96726,10769,55361
2024-02,NHS ENGLAND SOUTH EAST ,309192,194180,9463,105549,82770,4765,61862
2024-02,NHS ENGLAND SOUTH WEST ,173011,111918,2745,58348,53060,3223,35020
2024-03,NHS ENGLAND EAST OF ENGLAND ,238630,154806,0,83824,59450,2913,48738
2024-03,NHS ENGLAND LONDON,414841,238883,14507,161451,100563,8716,58759
2024-03,NHS ENGLAND MIDLANDS ,419143,265420,9380,144343,118320,10041,79957
2024-03,NHS ENGLAND NORTH EAST AND YORKSHIRE ,350992,231556,6171,113265,92399,3700,72205
2024-03,NHS ENGLAND NORTH WEST ,324210,203269,4860,116081,95391,9943,58806
2024-03,NHS ENGLAND SOUTH EAST ,347793,213956,10212,123625,80254,4478,68803
2024-03,NHS ENGLAND SOUTH WEST ,194094,123789,3219,67086,53265,3181,38886
2024-04,NHS ENGLAND EAST OF ENGLAND ,221055,144588,0,76467,58076,3215,46114
2024-04,NHS ENGLAND LONDON,387108,220096,14941,152071,95788,9245,55129
2024-04,NHS ENGLAND MIDLANDS ,405372,256096,9583,139693,110333,9415,76493
2024-04,NHS ENGLAND NORTH EAST AND YORKSHIRE ,334670,217888,6615,110167,87209,3512,68424
2024-04,NHS ENGLAND NORTH WEST ,300751,186805,6122,107824,85700,9205,56806
2024-04,NHS ENGLAND SOUTH EAST ,328911,199198,10217,119496,76228,4463,64269
2024-04,NHS ENGLAND SOUTH WEST ,185282,116388,3326,65568,49734,3023,36699
2024-05,NHS ENGLAND EAST OF ENGLAND ,238518,156905,0,81613,63828,3152,48145
2024-05,NHS ENGLAND LONDON,417242,236274,15056,165912,105992,8736,56485
2024-05,NHS ENGLAND MIDLANDS ,433436,275485,9478,148473,120956,9258,79518
2024-05,NHS ENGLAND NORTH EAST AND YORKSHIRE ,360841,226897,6768,127176,96633,3815,71583
2024-05,NHS ENGLAND NORTH WEST ,327997,203863,6438,117696,96222,10344,58866
2024-05,NHS ENGLAND SOUTH EAST ,351177,214177,9994,127006,81018,4432,67210
2024-05,NHS ENGLAND SOUTH WEST ,201799,125577,2868,73354,54636,2818,38397
2024-06,NHS ENGLAND EAST OF ENGLAND ,230403,152613,0,77790,60871,2876,46669
2024-06,NHS ENGLAND LONDON,397936,226495,14581,156860,95615,7239,54492
2024-06,NHS ENGLAND MIDLANDS ,408711,261851,9144,137716,114773,9246,75617
2024-06,NHS ENGLAND NORTH EAST AND YORKSHIRE ,342834,216623,6265,119946,88090,3115,68657
2024-06,NHS ENGLAND NORTH WEST ,305826,191174,6277,108375,85710,8727,56574
2024-06,NHS ENGLAND SOUTH EAST ,335298,204961,9807,120530,76326,4242,63367
2024-06,NHS ENGLAND SOUTH WEST ,194632,121200,2633,70799,53129,2661,36679
2024-07,NHS ENGLAND EAST OF ENGLAND ,234214,156650,0,77564,60509,2478,47255
2024-07,NHS ENGLAND LONDON,403842,231237,15128,157477,93312,6939,56342
2024-07,NHS ENGLAND MIDLANDS ,410028,263520,8772,137736,112166,9243,77843
2024-07,NHS ENGLAND NORTH EAST AND YORKSHIRE ,346314,219237,6988,120089,89483,3383,69514
2024-07,NHS ENGLAND NORTH WEST ,316098,196034,6435,113629,85557,8447,58090
2024-07,NHS ENGLAND SOUTH EAST ,342321,209397,10613,122311,75403,4274,64572
2024-07,NHS ENGLAND SOUTH WEST ,198513,123149,2852,72512,51795,2042,38166
2024-08,NHS ENGLAND EAST OF ENGLAND ,218518,147101,0,71417,54715,1720,46304
2024-08,NHS ENGLAND LONDON,364815,210124,14133,140558,80753,6279,53659
2024-08,NHS ENGLAND MIDLANDS ,377525,242224,8191,127110,98743,6749,75102
2024-08,NHS ENGLAND NORTH EAST AND YORKSHIRE ,321051,203571,6505,110975,77562,2117,66060
2024-08,NHS ENGLAND NORTH WEST ,289539,179284,5945,104310,76470,6704,56081
2024-08,NHS ENGLAND SOUTH EAST ,322314,191011,10156,121147,67361,3512,62201
2024-08,NHS ENGLAND SOUTH WEST ,192463,119017,2801,70645,48843,1413,37108
2024-09,NHS ENGLAND EAST OF ENGLAND ,223525,150130,0,73395,61104,2702,45939
2024-09,NHS ENGLAND LONDON,379925,221144,14404,144377,92658,7539,56228
2024-09,NHS ENGLAND MIDLANDS ,390201,250961,8210,131030,108686,8995,75079
2024-09,NHS ENGLAND NORTH EAST AND YORKSHIRE ,329698,210049,6624,113025,86928,3310,66234
2024-09,NHS ENGLAND NORTH WEST ,301268,188103,6133,107032,85709,8953,56847
2024-09,NHS ENGLAND SOUTH EAST ,328039,197249,9874,120916,76566,4881,63043
2024-09,NHS ENGLAND SOUTH WEST ,188321,118287,2701,67333,51428,2500,36036
2024-10,NHS ENGLAND EAST OF ENGLAND ,235286,158769,0,76517,68690,3712,48281
2024-10,NHS ENGLAND LONDON,406246,234280,14396,157570,101540,9676,57565
2024-10,NHS ENGLAND MIDLANDS ,418640,267762,8226,142652,121857,11522,79101
2024-10,NHS ENGLAND NORTH EAST AND YORKSHIRE ,352687,225843,6723,120121,98781,4348,71834
2024-10,NHS ENGLAND NORTH WEST ,323042,201193,6228,115621,94193,10932,60225
2024-10,NHS ENGLAND SOUTH EAST ,349954,211328,10526,128100,86440,5578,66207
2024-10,NHS ENGLAND SOUTH WEST ,194537,123142,2918,68477,55491,3848,38835
2024-11,NHS ENGLAND EAST OF ENGLAND ,232709,154219,0,78490,68712,3275,47219
2024-11,NHS ENGLAND LONDON,404936,232841,14194,157901,103776,8718,57138
2024-11,NHS ENGLAND MIDLANDS ,417571,265684,8059,143828,129373,11033,77369
2024-11,NHS ENGLAND NORTH EAST AND YORKSHIRE ,344765,221217,6093,117455,97772,4300,70187
2024-11,NHS ENGLAND NORTH WEST ,312881,196003,5839,111039,93795,9999,58434
2024-11,NHS ENGLAND SOUTH EAST ,335182,206882,9687,118613,86581,4940,65423
2024-11,NHS ENGLAND SOUTH WEST ,186534,120012,2784,63738,54401,3526,38339
2024-12,NHS ENGLAND EAST OF ENGLAND ,238929,156623,0,82306,75366,4687,47468
2024-12,NHS ENGLAND LONDON,409556,234983,12851,161722,105767,10083,56739
2024-12,NHS ENGLAND MIDLANDS ,419766,262550,7731,149485,133729,12564,77664
2024-12,NHS ENGLAND NORTH EAST AND YORKSHIRE ,348271,223559,5671,119041,104915,5774,71834
2024-12,NHS ENGLAND NORTH WEST ,313618,196572,5667,111379,96211,11750,58708
2024-12,NHS ENGLAND SOUTH EAST ,339419,211392,8993,119034,92148,5221,66182
2024-12,NHS ENGLAND SOUTH WEST ,188893,121851,2558,64484,59099,4128,38472
2025-01,NHS ENGLAND EAST OF ENGLAND ,219684,145218,0,74466,64986,5109,45989
2025-01,NHS ENGLAND LONDON,398191,226276,14413,157502,98884,11121,56215
2025-01,NHS ENGLAND MIDLANDS ,389706,249584,8820,131302,114231,13187,76095
2025-01,NHS ENGLAND NORTH EAST AND YORKSHIRE ,321947,206856,6460,108631,92810,6245,68782
2025-01,NHS ENGLAND NORTH WEST ,298672,186303,6079,106290,88647,13361,56810
2025-01,NHS ENGLAND SOUTH EAST ,326659,200472,10151,116036,79774,7120,65562
2025-01,NHS ENGLAND SOUTH WEST ,178441,111961,2862,63618,50494,5386,36775
2025-02,NHS ENGLAND EAST OF ENGLAND ,206888,136101,0,70787,59790,4218,41999
2025-02,NHS ENGLAND LONDON,368126,208163,12991,146972,90403,9188,50397
2025-02,NHS ENGLAND MIDLANDS ,366988,234792,8294,123902,106068,11058,68761
2025-02,NHS ENGLAND NORTH EAST AND YORKSHIRE ,307937,195341,5972,106624,85893,3706,62056
2025-02,NHS ENGLAND NORTH WEST ,283307,174375,5769,103163,80478,9739,51872
2025-02,NHS ENGLAND SOUTH EAST ,305898,186615,9524,109759,74170,5963,59035
2025-02,NHS ENGLAND SOUTH WEST ,169319,106544,2521,60254,48874,3751,33458
2025-03,NHS ENGLAND EAST OF ENGLAND ,237662,156695,0,80967,63585,3871,45990
2025-03,NHS ENGLAND LONDON,414054,234246,14764,165044,93016,9251,56478
2025-03,NHS ENGLAND MIDLANDS ,422273,267799,9300,145174,118147,10994,77118
2025-03,NHS ENGLAND NORTH EAST AND YORKSHIRE ,354778,223129,6834,124815,87017,3376,70238
2025-03,NHS ENGLAND NORTH WEST ,322953,199093,6456,117404,88372,9787,58090
2025-03,NHS ENGLAND SOUTH EAST ,350326,213014,10314,126998,83205,5700,64871
2025-03,NHS ENGLAND SOUTH WEST ,197614,124259,2978,70377,55496,3787,37504
2025-04,NHS ENGLAND EAST OF ENGLAND ,222688,147659,0,75029,58370,3294,43430
2025-04,NHS ENGLAND LONDON,398660,225428,14662,158570,91855,9010,54771
2025-04,NHS ENGLAND MIDLANDS ,403417,256576,8785,138056,114316,11200,74455
2025-04,NHS ENGLAND NORTH EAST AND YORKSHIRE ,343888,215664,6305,121919,88141,3441,67521
2025-04,NHS ENGLAND NORTH WEST ,308912,191056,6065,111791,86563,9543,56077
2025-04,NHS ENGLAND SOUTH EAST ,338887,197554,10418,130915,78076,4966,63361
2025-04,NHS ENGLAND SOUTH WEST ,191720,120708,2877,68135,53744,3427,37295
2025-05,NHS ENGLAND EAST OF ENGLAND ,233213,155099,0,78114,60082,2780,45994
2025-05,NHS ENGLAND LONDON,415478,234446,14738,166294,94889,9025,56675
2025-05,NHS ENGLAND MIDLANDS ,419346,268505,9179,141662,114736,10779,75765
2025-05,NHS ENGLAND NORTH EAST AND YORKSHIRE ,354798,222023,6421,126354,85635,2938,69469
2025-05,NHS ENGLAND NORTH WEST ,324822,201635,6457,116730,89351,9339,58467
2025-05,NHS ENGLAND SOUTH EAST ,353404,209437,10563,133404,80847,4989,65122
2025-05,NHS ENGLAND SOUTH WEST ,206594,127717,3012,75865,55627,3041,38485
